date,image_pulls_total,npm_downloads,pypi_downloads,pypi_downloads_reporting_os,github_stars,github_watchers,github_forks,github_open_issues,github_views,github_unique_visitors,github_clones
2026-08-30,,0,,,,,,,,,
2026-08-31,,0,,,,,,,,,
2026-09-01,,0,,,,,,,,,
2026-09-02,,0,,,,,,,,,
2026-09-03,,0,,,,,,,,,
2026-09-04,,0,,,,,,,,,
2026-09-05,,0,,,,,,,,,
2026-09-06,,0,,,,,,,,,
2026-09-07,,0,,,,,,,,,
2026-09-08,,0,94,12,,,,,,,
2026-09-09,,16,8,4,,,,,,,
2026-09-10,,3,6,2,,,,,,,
2026-09-11,,4,2,0,,,,,,,
2026-09-12,,3,2,0,,,,,,,
2026-09-13,,4,2,0,,,,,,,
2026-09-14,,2,,,,,,,,,
2026-09-15,,0,4,0,,,,,,,
2026-09-16,,2,,,,,,,0,0,0
2026-09-17,,0,3,0,,,,,0,0,0
2026-09-18,,0,4,0,,,,,0,0,0
2026-09-19,,2,,,,,,,0,0,0
2026-09-20,,0,1,0,,,,,0,0,0
2026-09-21,,0,1,0,,,,,0,0,0
2026-09-22,,123,75,13,,,,,0,0,0
2026-09-23,,22,11,0,,,,,0,0,0
2026-09-24,,3,4,0,,,,,0,0,0
2026-09-25,,4,7,0,,,,,0,0,0
2026-09-26,,9,2,0,,,,,0,0,0
2026-09-27,,14,1,0,,,,,0,0,0
2026-09-28,49,124,73,14,0,0,0,0,0,0,0
2026-09-29,55,0,95,14,0,0,0,0,26,15,101
